Position,Track Name,Artist,Streams,URL,trackID
1,WAP (feat. Megan Thee Stallion),Cardi B,5815149,https://open.spotify.com/track/4Oun2ylbjFKMPTiaSbbCih,4Oun2ylbjFKMPTiaSbbCih
2,Mood (feat. iann dior),24kGoldn,5656210,https://open.spotify.com/track/3tjFYV6RSFtuktYl3ZtYcq,3tjFYV6RSFtuktYl3ZtYcq
3,Hawái,Maluma,4669157,https://open.spotify.com/track/1yoMvmasuxZfqHEipJhRbp,1yoMvmasuxZfqHEipJhRbp
4,Dynamite,BTS,4085891,https://open.spotify.com/track/0t1kP63rueHleOhQkYSXFY,0t1kP63rueHleOhQkYSXFY
5,Watermelon Sugar,Harry Styles,3524041,https://open.spotify.com/track/6UelLqGlWMcVH1E5c4H7lY,6UelLqGlWMcVH1E5c4H7lY
6,Blinding Lights,The Weeknd,3496509,https://open.spotify.com/track/0VjIjW4GlUZAMYd2vXMi3b,0VjIjW4GlUZAMYd2vXMi3b
7,"Lemonade (feat. Gunna, Don Toliver & NAV)",Internet Money,3432465,https://open.spotify.com/track/2DQNYMRjisN3KAPj1bEwOI,2DQNYMRjisN3KAPj1bEwOI
8,Savage Love (Laxed - Siren Beat),Jawsh 685,3368341,https://open.spotify.com/track/1xQ6trAsedVPCdbtDAmk0c,1xQ6trAsedVPCdbtDAmk0c
9,ROCKSTAR (feat. Roddy Ricch),DaBaby,3224577,https://open.spotify.com/track/7ytR5pFWmSjzHJIeQkgog4,7ytR5pFWmSjzHJIeQkgog4
10,Laugh Now Cry Later (feat. Lil Durk),Drake,3132961,https://open.spotify.com/track/2SAqBLGA283SUiwJ3xOUVI,2SAqBLGA283SUiwJ3xOUVI
11,For The Night (feat. Lil Baby & DaBaby),Pop Smoke,2919495,https://open.spotify.com/track/0PvFJmanyNQMseIFrU708S,0PvFJmanyNQMseIFrU708S
12,Head & Heart (feat. MNEK),Joel Corry,2693378,https://open.spotify.com/track/6cx06DFPPHchuUAcTxznu9,6cx06DFPPHchuUAcTxznu9
13,Heather,Conan Gray,2673382,https://open.spotify.com/track/4xqrdfXkTW4T0RauPLv3WA,4xqrdfXkTW4T0RauPLv3WA
14,POPSTAR (feat. Drake),DJ Khaled,2673043,https://open.spotify.com/track/6EDO9iiTtwNv6waLwa1UUq,6EDO9iiTtwNv6waLwa1UUq
15,you broke me first,Tate McRae,2582914,https://open.spotify.com/track/45bE4HXI0AwGZXfZtMp8JR,45bE4HXI0AwGZXfZtMp8JR
16,Ice Cream (with Selena Gomez),BLACKPINK,2448005,https://open.spotify.com/track/2J4P46vCFm1rPkNkp9pZWX,2J4P46vCFm1rPkNkp9pZWX
17,Roses - Imanbek Remix,SAINt JHN,2428321,https://open.spotify.com/track/2Wo6QQD1KMDWeFkkjLqwx5,2Wo6QQD1KMDWeFkkjLqwx5
18,Breaking Me,Topic,2424165,https://open.spotify.com/track/3H7ihDc1dqLriiWXwsc2po,3H7ihDc1dqLriiWXwsc2po
19,Mood Swings (feat. Lil Tjay),Pop Smoke,2347062,https://open.spotify.com/track/5rZlwNFl01HqLWBQGryKSm,5rZlwNFl01HqLWBQGryKSm
20,"Ay, DiOs Mío!",KAROL G,2242759,https://open.spotify.com/track/7x4ASXYEKfQBCewcZhK776,7x4ASXYEKfQBCewcZhK776
21,UN DIA (ONE DAY) (Feat. Tainy),J Balvin,2155980,https://open.spotify.com/track/0EhpEsp4L0oRGM0vmeaN5e,0EhpEsp4L0oRGM0vmeaN5e
22,Relación - Remix,Sech,2053149,https://open.spotify.com/track/35UUpTmrcFXNIVIN26ujXl,35UUpTmrcFXNIVIN26ujXl
23,Come & Go (with Marshmello),Juice WRLD,2024785,https://open.spotify.com/track/2Y0wPrPQBrGhoLn14xRYCG,2Y0wPrPQBrGhoLn14xRYCG
24,La Curiosidad,Jay Wheeler,1958281,https://open.spotify.com/track/4HYDUMY0xSpeBr0AMY9cUz,4HYDUMY0xSpeBr0AMY9cUz
25,Someone You Loved,Lewis Capaldi,1896333,https://open.spotify.com/track/7qEHsqek33rTcFNT9PFqLf,7qEHsqek33rTcFNT9PFqLf
26,Dance Monkey,Tones And I,1886667,https://open.spotify.com/track/1rgnBhdG2JDFTbYkYRZAku,1rgnBhdG2JDFTbYkYRZAku
27,Midnight Sky,Miley Cyrus,1876946,https://open.spotify.com/track/27ycaQnQAxaPiyeg3nr2aB,27ycaQnQAxaPiyeg3nr2aB
28,La Jeepeta - Remix,Nio Garcia,1807771,https://open.spotify.com/track/6bvfJf4KjonPMuPfGfy3S2,6bvfJf4KjonPMuPfGfy3S2
29,Caramelo,Ozuna,1803160,https://open.spotify.com/track/5Jm4w8jmPEBTLjI9vH4fXo,5Jm4w8jmPEBTLjI9vH4fXo
30,Before You Go,Lewis Capaldi,1801182,https://open.spotify.com/track/2gMXnyrvIjhVBUZwvLZDMP,2gMXnyrvIjhVBUZwvLZDMP
31,Rain On Me (with Ariana Grande),Lady Gaga,1784367,https://open.spotify.com/track/7ju97lgwC2rKQ6wwsf9no9,7ju97lgwC2rKQ6wwsf9no9
32,Tattoo - Remix with Camilo,Rauw Alejandro,1782732,https://open.spotify.com/track/4ZRrLHqzhGRXYj2qcB4s5S,4ZRrLHqzhGRXYj2qcB4s5S
33,"WHATS POPPIN (feat. DaBaby, Tory Lanez & Lil Wayne) - Remix",Jack Harlow,1758556,https://open.spotify.com/track/2MbdDtCv5LUVjYy9RuGTgC,2MbdDtCv5LUVjYy9RuGTgC
34,Wishing Well,Juice WRLD,1712161,https://open.spotify.com/track/2U5WueTLIK5WJLD7mvDODv,2U5WueTLIK5WJLD7mvDODv
35,Take You Dancing,Jason Derulo,1692745,https://open.spotify.com/track/59qrUpoplZxbIZxk6X0Bm3,59qrUpoplZxbIZxk6X0Bm3
36,Go Crazy,Chris Brown,1683966,https://open.spotify.com/track/1IIKrJVP1C9N7iPtG6eOsK,1IIKrJVP1C9N7iPtG6eOsK
37,death bed (coffee for your head),Powfu,1676180,https://open.spotify.com/track/7eJMfftS33KTjuF7lTsMCx,7eJMfftS33KTjuF7lTsMCx
38,Smile (with The Weeknd),Juice WRLD,1560696,https://open.spotify.com/track/6wQlQrTY5mVS8EGaFZVwVF,6wQlQrTY5mVS8EGaFZVwVF
39,GREECE (feat. Drake),DJ Khaled,1550247,https://open.spotify.com/track/35RJhm1pEovTBwnNR0zWad,35RJhm1pEovTBwnNR0zWad
40,"Agua (with J Balvin) - Music From ""Sponge On The Run"" Movie",Tainy,1497452,https://open.spotify.com/track/1pqnQ41XbfKjaFu6M0eGJp,1pqnQ41XbfKjaFu6M0eGJp
41,Don't Start Now,Dua Lipa,1493524,https://open.spotify.com/track/3PfIrDoz19wz7qK7tYeu62,3PfIrDoz19wz7qK7tYeu62
42,Blueberry Faygo,Lil Mosey,1483233,https://open.spotify.com/track/22LAwLoDA5b4AaGSkg6bKW,22LAwLoDA5b4AaGSkg6bKW
43,Kings & Queens,Ava Max,1449546,https://open.spotify.com/track/76nqCfJOcFFWBJN32PAksn,76nqCfJOcFFWBJN32PAksn
44,Break My Heart,Dua Lipa,1443419,https://open.spotify.com/track/017PF4Q3l4DBUiWoXk4OWT,017PF4Q3l4DBUiWoXk4OWT
45,How You Like That,BLACKPINK,1429643,https://open.spotify.com/track/3vAn0qZzdyuHamcrpkfiX3,3vAn0qZzdyuHamcrpkfiX3
46,Stuck with U (with Justin Bieber),Ariana Grande,1411916,https://open.spotify.com/track/4HBZA5flZLE435QTztThqH,4HBZA5flZLE435QTztThqH
47,The Woo (feat. 50 Cent & Roddy Ricch),Pop Smoke,1376367,https://open.spotify.com/track/1H7KnK26kc1YyellpbINEn,1H7KnK26kc1YyellpbINEn
48,Djadja (feat. Maluma) - Remix,Aya Nakamura,1375520,https://open.spotify.com/track/13vDU8nPsvTGEVTMB8Vw7g,13vDU8nPsvTGEVTMB8Vw7g
49,ily (i love you baby) (feat. Emilee),Surf Mesa,1361848,https://open.spotify.com/track/62aP9fBQKYKxi7PDXwcUAS,62aP9fBQKYKxi7PDXwcUAS
50,Relación,Sech,1304486,https://open.spotify.com/track/3ZG8N7aWw2meb6UrI5ZmnZ,3ZG8N7aWw2meb6UrI5ZmnZ
51,Circles,Post Malone,1297913,https://open.spotify.com/track/21jGcNKet2qwijlDFuPiPb,21jGcNKet2qwijlDFuPiPb
52,Mi Cuarto,Jerry Di,1292821,https://open.spotify.com/track/6fmQjRuo7XvRFCK2qex5hQ,6fmQjRuo7XvRFCK2qex5hQ
53,Still Don't Know My Name,Labrinth,1273588,https://open.spotify.com/track/6N22FZs2ZhPBYi3b9XPajV,6N22FZs2ZhPBYi3b9XPajV
54,Una Locura,Ozuna,1265346,https://open.spotify.com/track/5y7DaS3jAc9eZzcSOoUIwU,5y7DaS3jAc9eZzcSOoUIwU
55,Adore You,Harry Styles,1234822,https://open.spotify.com/track/3jjujdWJ72nww5eGnfs2E7,3jjujdWJ72nww5eGnfs2E7
56,Mad at Disney,salem ilese,1229736,https://open.spotify.com/track/7aGyRfJWtLqgJaZoG9lJhE,7aGyRfJWtLqgJaZoG9lJhE
57,goosebumps,Travis Scott,1218412,https://open.spotify.com/track/6gBFPUFcJLzWGx4lenP6h2,6gBFPUFcJLzWGx4lenP6h2
58,Toosie Slide,Drake,1218318,https://open.spotify.com/track/466cKvZn1j45IpxDdYZqdA,466cKvZn1j45IpxDdYZqdA
59,The Box,Roddy Ricch,1218122,https://open.spotify.com/track/0nbXyq5TXYPCO7pr3N8S4I,0nbXyq5TXYPCO7pr3N8S4I
60,my ex's best friend (with blackbear),Machine Gun Kelly,1199603,https://open.spotify.com/track/70rFIfYN7lU6iTgUIVP42w,70rFIfYN7lU6iTgUIVP42w
61,Ayer Me Llamó Mi Ex (feat. Lenny Santos),KHEA,1187472,https://open.spotify.com/track/6C6mUonH6MNdSg5pw7kOc9,6C6mUonH6MNdSg5pw7kOc9
62,Mamichula - con Nicki Nicole,Trueno,1180039,https://open.spotify.com/track/4pXW6ZAHBz7ODXTRKklWrM,4pXW6ZAHBz7ODXTRKklWrM
63,Lucid Dreams,Juice WRLD,1153826,https://open.spotify.com/track/285pBltuF7vW8TeWk8hdRR,285pBltuF7vW8TeWk8hdRR
64,MAMACITA,Black Eyed Peas,1148152,https://open.spotify.com/track/24IgCW19L8lXKyFZwzFtD3,24IgCW19L8lXKyFZwzFtD3
65,Memories,Maroon 5,1144565,https://open.spotify.com/track/2b8fOow8UzyDFAE27YhOZM,2b8fOow8UzyDFAE27YhOZM
66,Sunflower - Spider-Man: Into the Spider-Verse,Post Malone,1143452,https://open.spotify.com/track/0RiRZpuVRbi7oqRdSMwhQY,0RiRZpuVRbi7oqRdSMwhQY
67,OK Not To Be OK,Marshmello,1139343,https://open.spotify.com/track/0zzVTGyRrWpQu8Fr28NRAv,0zzVTGyRrWpQu8Fr28NRAv
68,Señorita,Shawn Mendes,1128795,https://open.spotify.com/track/6v3KW9xbzN5yKLt9YKDYA2,6v3KW9xbzN5yKLt9YKDYA2
69,Party Girl,StaySolidRocky,1119916,https://open.spotify.com/track/3IJYUaN3tx04S4TYyZHKoP,3IJYUaN3tx04S4TYyZHKoP
70,Falling,Trevor Daniel,1117943,https://open.spotify.com/track/2rRJrJEo19S2J82BDsQ3F7,2rRJrJEo19S2J82BDsQ3F7
71,Tusa,KAROL G,1106920,https://open.spotify.com/track/7k4t7uLgtOxPwTpFmtJNTY,7k4t7uLgtOxPwTpFmtJNTY
72,HIGHEST IN THE ROOM,Travis Scott,1097206,https://open.spotify.com/track/3eekarcy7kvN4yt5ZFzltW,3eekarcy7kvN4yt5ZFzltW
73,Electric Love,BØRNS,1094108,https://open.spotify.com/track/2GiJYvgVaD2HtM8GqD9EgQ,2GiJYvgVaD2HtM8GqD9EgQ
74,Robbery,Juice WRLD,1088296,https://open.spotify.com/track/6Hj9jySrnFppAI0sEMCZpJ,6Hj9jySrnFppAI0sEMCZpJ
75,SICKO MODE,Travis Scott,1084764,https://open.spotify.com/track/2xLMifQCjDGFmkHkpNLD9h,2xLMifQCjDGFmkHkpNLD9h
76,"Lean (feat. Towy, Osquel, Beltito & Sammy & Falsetto)",Super Yei,1054285,https://open.spotify.com/track/5DoLhdU27owX1NMrKLUbUl,5DoLhdU27owX1NMrKLUbUl
77,Over Now (with The Weeknd),Calvin Harris,1046836,https://open.spotify.com/track/58AGoOGbwsQMhBbH0eFLRR,58AGoOGbwsQMhBbH0eFLRR
78,bad guy,Billie Eilish,1040412,https://open.spotify.com/track/2Fxmhks0bxGSBdJ92vM42m,2Fxmhks0bxGSBdJ92vM42m
79,lovely (with Khalid),Billie Eilish,1030300,https://open.spotify.com/track/0u2P5u6lvoDfwTYjAADbn4,0u2P5u6lvoDfwTYjAADbn4
80,Dior,Pop Smoke,1023687,https://open.spotify.com/track/79s5XnCN4TJKTVMSmOx8Ep,79s5XnCN4TJKTVMSmOx8Ep
81,Be Like That - feat. Swae Lee & Khalid,Kane Brown,1008950,https://open.spotify.com/track/5f1joOtoMeyppIcJGZQvqJ,5f1joOtoMeyppIcJGZQvqJ
82,Despeinada,Ozuna,1007522,https://open.spotify.com/track/0JAZWvvqttGFm4UMDsPQXC,0JAZWvvqttGFm4UMDsPQXC
83,Stunnin' (feat. Harm Franklin),Curtis Waters,996990,https://open.spotify.com/track/2D0dj3hVkRQJCp63cxCPEx,2D0dj3hVkRQJCp63cxCPEx
84,Intentions (feat. Quavo),Justin Bieber,993409,https://open.spotify.com/track/4umIPjkehX1r7uhmGvXiSV,4umIPjkehX1r7uhmGvXiSV
85,cardigan,Taylor Swift,992158,https://open.spotify.com/track/4R2kfaDFhslZEMJqAFNpdd,4R2kfaDFhslZEMJqAFNpdd
86,In Your Eyes,The Weeknd,983043,https://open.spotify.com/track/7szuecWAPwGoV1e5vGu8tl,7szuecWAPwGoV1e5vGu8tl
87,Shallow,Lady Gaga,977156,https://open.spotify.com/track/2VxeLyX666F8uXCJ0dZF8B,2VxeLyX666F8uXCJ0dZF8B
88,La Tóxica,Farruko,971987,https://open.spotify.com/track/15OjBeqNX3bShsGYQbteRv,15OjBeqNX3bShsGYQbteRv
89,Life Is Good (feat. Drake),Future,953110,https://open.spotify.com/track/1K5KBOgreBi5fkEHvg5ap3,1K5KBOgreBi5fkEHvg5ap3
90,TKN (feat. Travis Scott),ROSALÍA,951214,https://open.spotify.com/track/4w47S36wQGBhGg073q3nt7,4w47S36wQGBhGg073q3nt7
91,Bande organisée,Kofs,951160,https://open.spotify.com/track/205HNJ73cgpC0LAOnuQiWT,205HNJ73cgpC0LAOnuQiWT
92,Caramelo - Remix,Ozuna,943836,https://open.spotify.com/track/67jvGGbJmOmVonlyX3mNkV,67jvGGbJmOmVonlyX3mNkV
93,my future,Billie Eilish,939910,https://open.spotify.com/track/2ygvZOXrIeVL4xZmAWJT2C,2ygvZOXrIeVL4xZmAWJT2C
94,If the World Was Ending - feat. Julia Michaels,JP Saxe,936506,https://open.spotify.com/track/2kJwzbxV2ppxnQoYw4GLBZ,2kJwzbxV2ppxnQoYw4GLBZ
95,Ride It,Regard,935064,https://open.spotify.com/track/2tnVG71enUj33Ic2nFN6kZ,2tnVG71enUj33Ic2nFN6kZ
96,Wolves (feat. Post Malone),Big Sean,934494,https://open.spotify.com/track/33gwZOGJWEZ7dRWPqPxBEZ,33gwZOGJWEZ7dRWPqPxBEZ
97,Falling,Harry Styles,923567,https://open.spotify.com/track/1ZMiCix7XSAbfAJlEZWMCp,1ZMiCix7XSAbfAJlEZWMCp
98,Got It On Me,Pop Smoke,920775,https://open.spotify.com/track/25zlnOAzbVoOzIeXSvQFf1,25zlnOAzbVoOzIeXSvQFf1
99,Say So,Doja Cat,915977,https://open.spotify.com/track/3Dv1eDb0MEgF93GpLXlucZ,3Dv1eDb0MEgF93GpLXlucZ
100,Secrets,Regard,914021,https://open.spotify.com/track/66W1rVTnEv86dIkFhoiElg,66W1rVTnEv86dIkFhoiElg
101,Believer,Imagine Dragons,913199,https://open.spotify.com/track/0pqnGHJpmpxLKifKRmU6WP,0pqnGHJpmpxLKifKRmU6WP
102,ROXANNE,Arizona Zervas,913167,https://open.spotify.com/track/696DnlkuDOXcMAnKlTgXXK,696DnlkuDOXcMAnKlTgXXK
103,Hasta Que Dios Diga,Anuel AA,911090,https://open.spotify.com/track/06s3QtMJVXw1AJX3UfvZG1,06s3QtMJVXw1AJX3UfvZG1
104,Put Your Records On,Ritt Momney,903509,https://open.spotify.com/track/1fah1uAs7HeTYDlNftKr3K,1fah1uAs7HeTYDlNftKr3K
105,everything i wanted,Billie Eilish,901129,https://open.spotify.com/track/3ZCTVFBt2Brf31RLEnCkWJ,3ZCTVFBt2Brf31RLEnCkWJ
106,Lets Link,WhoHeem,893866,https://open.spotify.com/track/6fMzgFFGzWCwiHMzDzNpp5,6fMzgFFGzWCwiHMzDzNpp5
107,Azul,J Balvin,890772,https://open.spotify.com/track/2lCkncy6bIB0LTMT7kvrD1,2lCkncy6bIB0LTMT7kvrD1
108,Be Kind (with Halsey),Marshmello,890621,https://open.spotify.com/track/3Z8FwOEN59mRMxDCtb8N0A,3Z8FwOEN59mRMxDCtb8N0A
109,Don Don,Daddy Yankee,890191,https://open.spotify.com/track/3kml9ZdpT7UYk1ugkjqOzt,3kml9ZdpT7UYk1ugkjqOzt
110,Favorito,Camilo,884953,https://open.spotify.com/track/0jT8Nl0shPS8115is0wD2Q,0jT8Nl0shPS8115is0wD2Q
111,THE SCOTTS,THE SCOTTS,881946,https://open.spotify.com/track/39Yp9wwQiSRIDOvrVg7mbk,39Yp9wwQiSRIDOvrVg7mbk
112,feel something,Bea Miller,880727,https://open.spotify.com/track/7JDWhC422Gtk1Bq0mL3OTC,7JDWhC422Gtk1Bq0mL3OTC
113,Tick Tock (feat. 24kGoldn),Clean Bandit,874472,https://open.spotify.com/track/27u7t9d7ZQoyjsCROHuZJ3,27u7t9d7ZQoyjsCROHuZJ3
114,You Got It,Vedo,851192,https://open.spotify.com/track/4lsHZ92XCFOQfzJFBTluk8,4lsHZ92XCFOQfzJFBTluk8
115,Parce (feat. Justin Quiles),Maluma,838333,https://open.spotify.com/track/4RJz8NfIe09gpKMiRUWKhJ,4RJz8NfIe09gpKMiRUWKhJ
116,Jeans,Justin Quiles,832972,https://open.spotify.com/track/3GtnId3Cm1Xa6joCj08nzW,3GtnId3Cm1Xa6joCj08nzW
117,"PORFA Remix ( Feat. Maluma, Nicky Jam, Sech) - Remix",Feid,829866,https://open.spotify.com/track/7lUdbnz7wsv3C9zzf4WHl9,7lUdbnz7wsv3C9zzf4WHl9
118,Tap In,Saweetie,825499,https://open.spotify.com/track/4Hpib09wXgD84w4uwTPnYD,4Hpib09wXgD84w4uwTPnYD
119,Sunday Best,Surfaces,822552,https://open.spotify.com/track/1Cv1YLb4q0RzL6pybtaMLo,1Cv1YLb4q0RzL6pybtaMLo
120,Say You Won't Let Go,James Arthur,822150,https://open.spotify.com/track/5uCax9HTNlzGybIStD3vDh,5uCax9HTNlzGybIStD3vDh
121,Jocelyn Flores,XXXTENTACION,819666,https://open.spotify.com/track/7m9OqQk4RVRkw9JJdeAw96,7m9OqQk4RVRkw9JJdeAw96
122,Madrid,Maluma,813572,https://open.spotify.com/track/19OXtYzrJyCrQvTbfukt4H,19OXtYzrJyCrQvTbfukt4H
123,Elegí (feat. Dímelo Flow),Rauw Alejandro,809350,https://open.spotify.com/track/50ZC4PM7hywH27RcCfViau,50ZC4PM7hywH27RcCfViau
124,After Party,Don Toliver,804548,https://open.spotify.com/track/527k23H0A4Q0UJN3vGs0Da,527k23H0A4Q0UJN3vGs0Da
125,Godzilla (feat. Juice WRLD),Eminem,804257,https://open.spotify.com/track/7FIWs0pqAYbP91WWM0vlTQ,7FIWs0pqAYbP91WWM0vlTQ
126,Del Mar,Ozuna,795173,https://open.spotify.com/track/5cpJFiNwYyWwFLH0V6B3N8,5cpJFiNwYyWwFLH0V6B3N8
127,Play Date,Melanie Martinez,795051,https://open.spotify.com/track/4DpNNXFMMxQEKl7r0ykkWA,4DpNNXFMMxQEKl7r0ykkWA
128,I Don't Care (with Justin Bieber),Ed Sheeran,792837,https://open.spotify.com/track/0hVXuCcriWRGvwMV1r5Yn9,0hVXuCcriWRGvwMV1r5Yn9
129,All Girls Are The Same,Juice WRLD,786829,https://open.spotify.com/track/4VXIryQMWpIdGgYR4TrjT1,4VXIryQMWpIdGgYR4TrjT1
130,Supalonely,BENEE,786203,https://open.spotify.com/track/4nK5YrxbMGZstTLbvj6Gxw,4nK5YrxbMGZstTLbvj6Gxw
131,Are You Bored Yet? (feat. Clairo),Wallows,784715,https://open.spotify.com/track/57RA3JGafJm5zRtKJiKPIm,57RA3JGafJm5zRtKJiKPIm
132,Rojo,J Balvin,779851,https://open.spotify.com/track/380HmhwTE2NJgawn1NwkXi,380HmhwTE2NJgawn1NwkXi
133,7 rings,Ariana Grande,777993,https://open.spotify.com/track/6ocbgoVGwYJhOv1GgI9NsF,6ocbgoVGwYJhOv1GgI9NsF
134,Martin & Gina,Polo G,777885,https://open.spotify.com/track/1VLtjHwRWOVJiE5Py7JxoQ,1VLtjHwRWOVJiE5Py7JxoQ
135,Hello (feat. A Boogie Wit da Hoodie),Pop Smoke,776325,https://open.spotify.com/track/2r6OAV3WsYtXuXjvJ1lIDi,2r6OAV3WsYtXuXjvJ1lIDi
136,Perfect,Ed Sheeran,775662,https://open.spotify.com/track/0tgVpDi06FyKpA1z0VMD4v,0tgVpDi06FyKpA1z0VMD4v
137,rockstar (feat. 21 Savage),Post Malone,764485,https://open.spotify.com/track/0e7ipj03S05BNilyu5bRzt,0e7ipj03S05BNilyu5bRzt
138,Shape of You,Ed Sheeran,762260,https://open.spotify.com/track/7qiZfU4dY1lWllzX7mPBI3,7qiZfU4dY1lWllzX7mPBI3
139,hot girl bummer,blackbear,759636,https://open.spotify.com/track/2mt1IqcFyY1zmYZT8Q3xw9,2mt1IqcFyY1zmYZT8Q3xw9
140,Back Door,Stray Kids,754306,https://open.spotify.com/track/3KUGAgxo3b81X5bWoOp0U8,3KUGAgxo3b81X5bWoOp0U8
141,exile (feat. Bon Iver),Taylor Swift,753966,https://open.spotify.com/track/4pvb0WLRcMtbPGmtejJJ6y,4pvb0WLRcMtbPGmtejJJ6y
142,Quiéreme Mientras Se Pueda,Manuel Turizo,752242,https://open.spotify.com/track/34LI7rwi9H8w2S5KTHnv1M,34LI7rwi9H8w2S5KTHnv1M
143,21,Polo G,751805,https://open.spotify.com/track/3JKgcAa7r07ocVWcV8bS0H,3JKgcAa7r07ocVWcV8bS0H
144,Someone To You,BANNERS,749214,https://open.spotify.com/track/2f0pn9DkEJwAzXApnFh5cr,2f0pn9DkEJwAzXApnFh5cr
145,SAD!,XXXTENTACION,746673,https://open.spotify.com/track/3ee8Jmje8o58CHK66QrVC2,3ee8Jmje8o58CHK66QrVC2
146,when the party's over,Billie Eilish,745674,https://open.spotify.com/track/43zdsphuZLzwA9k4DJhU0I,43zdsphuZLzwA9k4DJhU0I
147,What You Know Bout Love,Pop Smoke,742527,https://open.spotify.com/track/1tkg4EHVoqnhR6iFEXb60y,1tkg4EHVoqnhR6iFEXb60y
148,Conversations,Juice WRLD,733447,https://open.spotify.com/track/4K06PO78fW4mnBVenxGNob,4K06PO78fW4mnBVenxGNob
149,Blastoff (feat. Juice Wrld & Trippie Redd),Internet Money,726063,https://open.spotify.com/track/2rFsFjq0D9JAmc0APpCO6P,2rFsFjq0D9JAmc0APpCO6P
150,Bohemian Rhapsody - 2011 Mix,Queen,723567,https://open.spotify.com/track/4u7EnebtmKWzUH433cf5Qv,4u7EnebtmKWzUH433cf5Qv
151,Lose Control,MEDUZA,721722,https://open.spotify.com/track/7CHi4DtfK4heMlQaudCuHK,7CHi4DtfK4heMlQaudCuHK
152,GOOBA,6ix9ine,721154,https://open.spotify.com/track/6qiiDtFAJjyEhoZVcf6ovL,6qiiDtFAJjyEhoZVcf6ovL
153,WHATS POPPIN,Jack Harlow,720188,https://open.spotify.com/track/1jaTQ3nqY3oAAYyCTbIvnM,1jaTQ3nqY3oAAYyCTbIvnM
154,Chicago Freestyle (feat. Giveon),Drake,719548,https://open.spotify.com/track/4wVOKKEHUJxHCFFNUWDn0B,4wVOKKEHUJxHCFFNUWDn0B
155,Hate The Other Side (with Marshmello & The Kid Laroi),Juice WRLD,717686,https://open.spotify.com/track/0ada5XsQGLPUVbmTCkAP49,0ada5XsQGLPUVbmTCkAP49
156,24 (feat. Lil Baby),Money Man,716619,https://open.spotify.com/track/0xUvi7wldroBzaZCengPa5,0xUvi7wldroBzaZCengPa5
157,Money Trees,Kendrick Lamar,716404,https://open.spotify.com/track/2HbKqm4o0w5wEeEFXm2sD4,2HbKqm4o0w5wEeEFXm2sD4
158,Jerusalema (feat. Nomcebo Zikode),Master KG,713742,https://open.spotify.com/track/2MlOUXmcofMackX3bxfSwi,2MlOUXmcofMackX3bxfSwi
159,Beautiful People (feat. Khalid),Ed Sheeran,713373,https://open.spotify.com/track/70eFcWOvlMObDhURTqT4Fv,70eFcWOvlMObDhURTqT4Fv
160,Yo Perreo Sola,Bad Bunny,712936,https://open.spotify.com/track/0SqqAgdovOE24BzxIClpjw,0SqqAgdovOE24BzxIClpjw
161,Tak Tiki Tak,Harry Nach,711551,https://open.spotify.com/track/7gwwt1IaAWwmB7af0AcuBM,7gwwt1IaAWwmB7af0AcuBM
162,Lose Somebody,Kygo,711129,https://open.spotify.com/track/1sgDyuLooyvEML4oHspNza,1sgDyuLooyvEML4oHspNza
163,Nobody's Love,Maroon 5,711031,https://open.spotify.com/track/3kwgqoBqTwoAH4nT29TYrq,3kwgqoBqTwoAH4nT29TYrq
164,All of Me,John Legend,707517,https://open.spotify.com/track/3U4isOIWM3VvDubwSI3y7a,3U4isOIWM3VvDubwSI3y7a
165,Be Alright,Dean Lewis,704945,https://open.spotify.com/track/5qrSlOut2rNAWv3ubArkNy,5qrSlOut2rNAWv3ubArkNy
166,Righteous,Juice WRLD,704643,https://open.spotify.com/track/5dOxHHMOFAbG3VH23t0xNm,5dOxHHMOFAbG3VH23t0xNm
167,Sweater Weather,The Neighbourhood,700081,https://open.spotify.com/track/2QjOHCTQ1Jl3zawyYOpxh6,2QjOHCTQ1Jl3zawyYOpxh6
168,El Mismo Aire - con Pablo Alborán,Camilo,696635,https://open.spotify.com/track/5EbtodsuLbxrFDH6j5avVS,5EbtodsuLbxrFDH6j5avVS
169,No Guidance (feat. Drake),Chris Brown,692756,https://open.spotify.com/track/6XHVuErjQ4XNm6nDPVCxVX,6XHVuErjQ4XNm6nDPVCxVX
170,Boy With Luv (feat. Halsey),BTS,689239,https://open.spotify.com/track/5KawlOMHjWeUjQtnuRs22c,5KawlOMHjWeUjQtnuRs22c
171,Without Me,Halsey,687187,https://open.spotify.com/track/6FZDfxM3a3UCqtzo5pxSLZ,6FZDfxM3a3UCqtzo5pxSLZ
172,DOLLAZ ON MY HEAD (feat. Young Thug),Gunna,685075,https://open.spotify.com/track/3nS9a01VvXHQriLqJYwRqG,3nS9a01VvXHQriLqJYwRqG
173,We Paid (feat. 42 Dugg),Lil Baby,682113,https://open.spotify.com/track/6gxKUmycQX7uyMwJcweFjp,6gxKUmycQX7uyMwJcweFjp
174,7 Summers,Morgan Wallen,681361,https://open.spotify.com/track/0tbjiOUl4k492KPdWZS9sy,0tbjiOUl4k492KPdWZS9sy
175,Get You The Moon (feat. Snøw),Kina,681296,https://open.spotify.com/track/4ZLzoOkj0MPWrTLvooIuaa,4ZLzoOkj0MPWrTLvooIuaa
176,Take Me To Church,Hozier,679390,https://open.spotify.com/track/3dYD57lRAUcMHufyqn9GcI,3dYD57lRAUcMHufyqn9GcI
177,Safaera,Bad Bunny,677824,https://open.spotify.com/track/2DEZmgHKAvm41k4J3R2E9Y,2DEZmgHKAvm41k4J3R2E9Y
178,Hit Different,SZA,677496,https://open.spotify.com/track/7Bar1kLTmsRmH6FCKKMEyU,7Bar1kLTmsRmH6FCKKMEyU
179,+Linda,Dalex,676680,https://open.spotify.com/track/5cBrOhKDyiJF9bPGUHKkG0,5cBrOhKDyiJF9bPGUHKkG0
180,Physical,Dua Lipa,676046,https://open.spotify.com/track/3AzjcOeAmA57TIOr9zF1ZW,3AzjcOeAmA57TIOr9zF1ZW
181,GO (feat. Juice WRLD),The Kid LAROI,673515,https://open.spotify.com/track/2rPHUAeUPbNgTmK18FPTiZ,2rPHUAeUPbNgTmK18FPTiZ
182,Happier,Marshmello,673402,https://open.spotify.com/track/2dpaYNEQHiRxtZbfNsse99,2dpaYNEQHiRxtZbfNsse99
183,Oh Juliana,Niack,672264,https://open.spotify.com/track/4xWzZmX4K1yyrdtRfbUvjt,4xWzZmX4K1yyrdtRfbUvjt
184,Máquina do Tempo,Matuê,671541,https://open.spotify.com/track/5oI9blwsXC8AkTWw6wASY8,5oI9blwsXC8AkTWw6wASY8
185,July,Noah Cyrus,670377,https://open.spotify.com/track/6J2LdBN97cDWn0MLxYh9HB,6J2LdBN97cDWn0MLxYh9HB
186,Jangueo,Alex Rose,670188,https://open.spotify.com/track/1bRpSCFv6P2OUhciByeRYR,1bRpSCFv6P2OUhciByeRYR
187,Something Just Like This,The Chainsmokers,667941,https://open.spotify.com/track/6RUKPb4LETWmmr3iAEQktW,6RUKPb4LETWmmr3iAEQktW
188,Star Shopping,Lil Peep,667482,https://open.spotify.com/track/30bqVoKjX479ab90a8Pafp,30bqVoKjX479ab90a8Pafp
189,Se Te Nota (with Guaynaa),Lele Pons,666203,https://open.spotify.com/track/11EnQRgRMJwMAesfkB5pnu,11EnQRgRMJwMAesfkB5pnu
190,When I Look At You,Miley Cyrus,664674,https://open.spotify.com/track/6ZfXA2xakAvphXOSOJ3u1W,6ZfXA2xakAvphXOSOJ3u1W
191,Ain't It Different (feat. AJ Tracey & Stormzy),Headie One,662150,https://open.spotify.com/track/6NJfIydBMYrXvlaXsFxmc8,6NJfIydBMYrXvlaXsFxmc8
192,Some Say - Felix Jaehn Remix,Nea,660323,https://open.spotify.com/track/7C1trmcQQ5n5RNy4l6ziCv,7C1trmcQQ5n5RNy4l6ziCv
193,Fuckst mich nur ab,Bonez MC,658187,https://open.spotify.com/track/0y8mJFmm4ogCHnfe0oTuT6,0y8mJFmm4ogCHnfe0oTuT6
194,Bruises,Lewis Capaldi,656815,https://open.spotify.com/track/4Of7rzpRpV1mWRbhp5rAqG,4Of7rzpRpV1mWRbhp5rAqG
195,Let Her Go,Passenger,653847,https://open.spotify.com/track/2jyjhRf6DVbMPU5zxagN2h,2jyjhRf6DVbMPU5zxagN2h
196,The Less I Know The Better,Tame Impala,653130,https://open.spotify.com/track/6K4t31amVTZDgR3sKmwUJJ,6K4t31amVTZDgR3sKmwUJJ
197,Daisy,Ashnikko,652877,https://open.spotify.com/track/0AUvWawuP0ibk4SQ3sIZjk,0AUvWawuP0ibk4SQ3sIZjk
198,Boss Bitch,Doja Cat,650652,https://open.spotify.com/track/78qd8dvwea0Gosb6Fe6j3k,78qd8dvwea0Gosb6Fe6j3k
199,CÓMO SE SIENTE - Remix,Jhay Cortez,646995,https://open.spotify.com/track/2tFwfmceQa1Y6nRPhYbEtC,2tFwfmceQa1Y6nRPhYbEtC
200,Head Shoulders Knees & Toes (feat. Norma Jean Martine),Ofenbach,645567,https://open.spotify.com/track/6i7zAdNhzUN2k1HcrBxPHG,6i7zAdNhzUN2k1HcrBxPHG
